base,group,mean_nf_db,std_nf_db,median_nf_db,mean_te_k,std_te_k,median_te_k,mean_gain_db,std_gain_db,th_k,tc_k,rbw_hz,mode,hot_timestamp,cold_timestamp,processed,enr_table
lna11mod,modified,0.213,0.024,0.207,14.61,1.69,14.14,54.55,1.07,296.85,77.0,1000000.0,TOTAL,2026-07-02T16:15:09.981991+00:00,2026-07-02T16:59:13.159219+00:00,2026-10-09T11:41:43,
lna174mod,modified,0.202,0.022,0.196,13.79,1.51,13.4,54.89,1.07,296.85,77.0,1000000.0,TOTAL,2026-07-02T16:26:12.240056+00:00,2026-07-02T17:19:44.899643+00:00,2026-10-09T11:41:43,
lna69mod,modified,0.17,0.025,0.164,11.56,1.73,11.18,54.86,1.06,296.85,77.0,1000000.0,TOTAL,2026-07-02T16:37:52.445925+00:00,2026-07-02T17:31:30.489253+00:00,2026-10-09T11:41:44,
lna72mod,modified,0.239,0.025,0.232,16.4,1.77,15.93,54.56,1.1,296.85,77.0,1000000.0,TOTAL,2026-07-02T16:10:57.477059+00:00,2026-07-02T17:13:14.167817+00:00,2026-10-09T11:41:44,
lna82mod,modified,0.209,0.028,0.201,14.3,1.93,13.72,54.88,1.08,296.85,77.0,1000000.0,TOTAL,2026-07-02T16:19:20.959859+00:00,2026-07-02T16:53:35.257570+00:00,2026-10-09T11:41:45,
lna173,unmodified,0.286,0.044,0.269,19.76,3.16,18.52,53.96,1.01,296.85,77.0,1000000.0,TOTAL,2026-07-02T15:18:35.448351+00:00,2026-07-02T18:07:34.693922+00:00,2026-10-09T11:41:45,
lna31,unmodified,0.297,0.058,0.27,20.54,4.17,18.64,53.91,1.01,296.85,77.0,1000000.0,TOTAL,2026-07-02T15:23:14.060379+00:00,2026-07-02T18:01:30.805596+00:00,2026-10-09T11:41:46,
lna61,unmodified,0.292,0.045,0.274,20.16,3.22,18.88,53.73,1.01,296.85,77.0,1000000.0,TOTAL,2026-07-02T16:29:37.874558+00:00,2026-07-02T17:37:35.739105+00:00,2026-10-09T11:41:46,
lna71,unmodified,0.283,0.067,0.252,19.59,4.86,17.33,53.88,1.02,296.85,77.0,1000000.0,TOTAL,2026-07-02T15:28:04.948906+00:00,2026-07-02T17:44:09.796899+00:00,2026-10-09T11:41:47,
lna73,unmodified,0.319,0.063,0.292,22.17,4.61,20.14,54.1,1.03,296.85,77.0,1000000.0,TOTAL,2026-07-02T15:34:19.972128+00:00,2026-07-02T17:56:23.960417+00:00,2026-10-09T11:41:47,
lna76,unmodified,0.321,0.061,0.294,22.25,4.41,20.31,53.74,1.03,296.85,77.0,1000000.0,TOTAL,2026-07-02T15:38:45.558759+00:00,2026-07-02T17:50:49.060606+00:00,2026-10-09T11:41:47,
lna78,unmodified,0.286,0.071,0.253,19.79,5.13,17.43,53.98,1.01,296.85,77.0,1000000.0,TOTAL,2026-07-02T16:06:46.302502+00:00,2026-07-02T17:06:46.785912+00:00,2026-10-09T11:41:48,
